metric,value
roc_auc,0.922079344698336
pr_auc,0.6948010998956189
brier,0.08038439554543095
accuracy_at_best_t,0.8596145422689444
best_threshold,0.3148426979780197
er_rmse,1.3642334690017508
er_mae,1.0132813047869398
ip_rmse,1.036814558300014
ip_mae,0.7953943407338437
